Tomorrow is Nearly Yesterday,/,https://via.placeholder.com/35/161616
Tomorrow is Nearly Yesterday,/,https://via.placeholder.com/35/161616
Tomorrow is Nearly Yesterday,/,https://via.placeholder.com/35/161616
Tomorrow is Nearly Yesterday,/,https://via.placeholder.com/35/161616
Tomorrow is Nearly Yesterday,/,https://via.placeholder.com/35/161616
Tomorrow is Nearly Yesterday,/,https://via.placeholder.com/35/161616
Tomorrow is Nearly Yesterday,/,https://via.placeholder.com/35/161616
Tomorrow is Nearly Yesterday,/,https://via.placeholder.com/35/161616
Tomorrow is Nearly Yesterday,/,https://via.placeholder.com/35/161616
Tomorrow is Nearly Yesterday,/,https://via.placeholder.com/35/161616
Tomorrow is Nearly Yesterday,/,https://via.placeholder.com/35/161616
Tomorrow is Nearly Yesterday,/,https://via.placeholder.com/35/161616
Tomorrow is Nearly Yesterday,/,https://via.placeholder.com/35/161616
Tomorrow is Nearly Yesterday,/,https://via.placeholder.com/35/161616
Tomorrow is Nearly Yesterday,/,https://via.placeholder.com/35/161616
Tomorrow is Nearly Yesterday,/,https://via.placeholder.com/35/161616
Tomorrow is Nearly Yesterday,/,https://via.placeholder.com/35/161616
Tomorrow is Nearly Yesterday,/,https://via.placeholder.com/35/161616
Tomorrow is Nearly Yesterday,/,https://via.placeholder.com/35/161616
Tomorrow is Nearly Yesterday,/,https://via.placeholder.com/35/161616
Tomorrow is Nearly Yesterday,/,https://via.placeholder.com/35/161616
Tomorrow is Nearly Yesterday,/,https://via.placeholder.com/35/161616
Tomorrow is Nearly Yesterday,/,https://via.placeholder.com/35/161616
Tomorrow is Nearly Yesterday,/,https://via.placeholder.com/35/161616
Tomorrow is Nearly Yesterday,/,https://via.placeholder.com/35/161616
Tomorrow is Nearly Yesterday,/,https://via.placeholder.com/35/161616